place;synonyme
;
Abbeville;Abbeville
Abbeville;abbeville
Aberdeen;Aberdeen
Aberdeen;Aberdeen Scotland
Aberdeen;Aberdoniæ
Aberdeen;Abredoniæ Aeerdene
Aberdeen;Aberdene
Aberdeen;Abredoniæ
Aberdeen;Aeerdene
Aberdeen;aberdeen
Abingdon;Abingdon
Abingdon;abingdon
Albany N.Y;Albany N.Y
Albany N.Y;Albany
Albany N.Y;albany n.y
Aldermanbury;Aldermanbury
Aldermanbury;aldermanbury
Aldershot;Aldershot
Aldershot;aldershot
Alexandria Va;Alexandria Va
Alexandria Va;Alexandria
Alexandria Va;alexandria va
Alnwick;Alnwick
Alnwick;Alnwick England
Alnwick;alnwick
Altmore;Altmore
Altmore;altmore
Altona;Altona
Altona;altona
America;America
America;america
Amherst N.H;Amherst N.H
Amherst N.H;Amherst, Newhampshire
Amherst N.H;Amherst Newhampshire
Amherst N.H;Amherst New-Hampshire
Amherst N.H;amherst n.h
Ampthill;Ampthill
Ampthill;ampthill
Amsterdam;Amsterdam
Amsterdam;Amstelredam
Amsterdam;Amsterdam London
Amsterdam;Amsterdam Netherlands
Amsterdam;Tot Amsteldam
Amsterdam;Te Amsterdam
Amsterdam;The Netherlands
Amsterdam;the Netherlands
Amsterdam;Holland
Amsterdam;Netherlands
Amsterdam;Amsteldam
Amsterdam;Londres Amsterdam
Amsterdam;amsterdam
Andover Ma;Andover Ma
Andover Ma;Andover Mass
Andover Ma;andover Mass
Andover Ma;andover ma
Annapolis Md;Annapolis Md
Annapolis Md;Annapolis Maryland
Annapolis Md;Annapolis North-America
Annapolis Md;Maryland
Annapolis Md;Annapolis
Annapolis Md;annapolis md
Antwerp;Antwerp
Antwerp;Antwerpiae
Antwerp;Antvverp
Antwerp;andwarpe
Antwerp;antwerp
Antwerp;Duchye Braband andewarpe
Augusta Ga;Augusta Ga
Augusta Ga;Augusta, Ga
Augusta Ga;augusta ga
Augusta Me;Augusta Me
Augusta Me;augusta me
Ayr;Ayr
Ayr;Apud Ayr
Ayr;Air
Ayr;ayr
Baltimore Md;Baltimore Md
Baltimore Md;Baltimore-Town
Baltimore Md;Baltimore
Baltimore Md;baltimore md
Banbury;Banbury
Banbury;banbury
Basel;Basel
Basel;Basle
Basel;Basil
Basel;basel
Basseterre Saint Kitts;Basseterre Saint Kitts
Basseterre Saint Kitts;Basseterre in St. Christopher
Basseterre Saint Kitts;Basseterre, St. Christopher St.Kitts-Nevis
Basseterre Saint Kitts;Basseterre,St. Christopher's St.Kitts-Nevis
Basseterre Saint Kitts;St. Christopher
Basseterre Saint Kitts;St.Kitts-Nevis
Basseterre Saint Kitts;Basseterre St. Christopher's St.Kitts-Nevis
Basseterre Saint Kitts;Basseterre St. Christopher St.Kitts-Nevis
Basseterre Saint Kitts;basseterre saint kitts
Basseterre Saint Kitts;Basseterre St. Christopher
Bath;Bath
Bath;Bath England
Bath;bath
Bath N.Y;Bath N.Y
Bath N.Y;Bath County of Steuben State of New-York
Bath N.Y;bath n.y
Bath N.Y;Bath County Steuben State New-York
Belfast;Belfast
Belfast;Belfast Ireland
Belfast;Belfast, Ireland
Belfast;Belfast, Northern Ireland
Belfast;belfast
Belfast;Belfast Northern Ireland
Bennington Vt;Bennington Vt
Bennington Vt;Bennington
Bennington Vt;Bennington, Vt
Bennington Vt;Bennington Vermont
Bennington Vt;bennington vt
Berlin;Berlin
Berlin;berlin
Bern;Bern
Bern;Berne
Bern;bern
Beverley;Beverley
Beverley;beverley
Birmingham;Birmingham
Birmingham;Birmingham England
Birmingham;Birminghamiæ
Birmingham;birmingham
Birstall;Birstall
Birstall;birstall
Bishopstone;Bishopstone
Bishopstone;Sussex
Bishopstone;Bishopstone Sussex
Bishopstone;bishopstone
Blackburn;Blackburn
Blackburn;blackburn
Bolton;Bolton
Bolton;bolton
Bombay;Bombay
Bombay;Bombay India
Bombay;bombay
Boston;Boston Lincs
Boston;Boston
Boston;boston
Boston Ma;Boston Ma
Boston Ma;Boston Mass
Boston Ma;America, Boston
Boston Ma;Boston America
Boston Ma;Boston Commonwealth of Massachusetts
Boston Ma;Boston in N.EaBoston Ma
Boston Ma;Boston in New England and London
Boston Ma;Boston N.E
Boston Ma;Boston North America
Boston Ma;Boston N. England
Boston Ma;Boston N.E. Mass
Boston Ma;Boston New England
Boston Ma;Bostonæ Nov-Anglorum
Boston Ma;Bostoniae America
Boston Ma;Bay-State Boston
Boston Ma;Massachusetts
Boston Ma;Massachusetts-State Boston
Boston Ma;State of Massachusetts-Bay. Boston
Boston Ma;America Boston
Boston Ma;Boston in New-England
Boston Ma;Boston in New-England and London
Boston Ma;Boston Massachusetts
Boston Ma;Boston N.w-England
Boston Ma;Massachuset
Boston Ma;Massachusetts-Bay Worcester
Boston Ma;Massachusetts Boston
Boston Ma;boston ma
Boston Ma;Boston New-England
Boston Ma;Boston New England London
Boston Ma;Boston New-England London
Boston Ma;Massachuset Boston
Boston Ma;New England
Boston Ma;New-England
Boston Ma;new england
Boston Ma;America. Boston
Boston Ma;Boston Masschusetts
Boston Ma;Masschuset Boston
Boston Ma;Masschusetts
Boston Ma;Masschusetts Boston
Boston Ma;Masschusetts-State Boston
Boston Ma;State Masschusetts-Bay. Boston
Bottisham;Bottisham
Bottisham;bottisham
Bouillon;Bouillon
Bouillon;bouillon
Boulogne;Boulogne
Boulogne;boulogne
Bradford;Bradford
Bradford;bradford
Brattleborough Vt;Brattleborough Vt
Brattleborough Vt;brattleborough vt
Brentford;Brentford
Brentford;brentford
Bridgeton N.J;Bridgeton N.J
Bridgeton N.J;bridgeton n.j
Bridgetown Barbados;Bridgetown Barbados
Bridgetown Barbados;Bridgetown
Bridgetown Barbados;Bridge-Town Barbados
Bridgetown Barbados;Barbados
Bridgetown Barbados;Barbadoes
Bridgetown Barbados;bridgetown barbados
Bridgnorth;Bridgnorth
Bridgnorth;bridgnorth
Bristol;Bristol
Bristol;Bristol England
Bristol;Bristoll
Bristol;Bristoll Avon
Bristol;Brysto
Bristol;bristol
Brookfield Ma;Brookfield Ma
Brookfield Ma;Brookfield Mass
Brookfield Ma;Brookfield
Brookfield Ma;brookfield ma
Brussels;Brussels
Brussels;Bruxelles
Brussels;Londres Brussels
Brussels;brussels
Buckden;Buckden
Buckden;buckden
Bungay;Bungay
Bungay;bungay
Burlington N.J;Burlington N.J
Burlington N.J;Burlington
Burlington N.J;Burlington New-Jersey
Burlington N.J;Burlington N.w-Jersey
Burlington N.J;burlington n.j
Burlington Vt;Burlington Vt
Burlington Vt;Burlington State of Vermont
Burlington Vt;burlington vt
Burlington Vt;Burlington State Vermont
Burnley;Burnley
Burnley;burnley
Burton;Burton
Burton;Burton-Upon-Trent
Burton;burton
Bury;Bury
Bury;Bury England
Bury;bury
Bury St. Edmunds;Bury St. Edmunds
Bury St. Edmunds;St. Edmunds-Bury Bury St. Edmunds, England
Bury St. Edmunds;Bury St. Edmund's
Bury St. Edmunds;Bury St. Edmunds England
Bury St. Edmunds;Bury St. Edmunds, England
Bury St. Edmunds;St. Edmunds-Bury Bury St. Edmunds England
Bury St. Edmunds;bury st. edmunds
Caen;Caen
Caen;caen
Caernarfon;Caernarfon
Caernarfon;Caernarfon Carnarvon, Wales
Caernarfon;Caernarfon Carnarvon Wales
Caernarfon;caernarfon
Calcutta;Calcutta
Calcutta;Calcuta sic
Calcutta;Calcutta India
Calcutta;Calcutta, India
Calcutta;Calcuta
Calcutta;calcutta
Cambridge;Cambridge
Cambridge;Caer-Grawnt
Cambridge;Cambridge and London
Cambridge;Cambridge Cambridgeshire
Cambridge;Cambridge England
Cambridge;Cambridge, Cambridgeshire
Cambridge;Camridge
Cambridge;Cantabrigæ
Cambridge;Cantabrigiæ
Cambridge;Cantabrigiae
Cambridge;Excusum Cantabrigiae
Cambridge;Cambridg
Cambridge;cambridge
Cambridge Ma;Cambridge Ma
Cambridge Ma;Cambridge Mass
Cambridge Ma;Cambridg Mass
Cambridge Ma;Cambridge, Mass
Cambridge Ma;cambridge ma
Campbeltown;Campbeltown
Campbeltown;campbeltown
Canterbury;Canterbury
Canterbury;Canterbury England
Canterbury;canterbury
Canterbury N.H;Canterbury N.H
Canterbury N.H;Canterbury New Hampshire
Canterbury N.H;canterbury n.h
Cap Haitien;Cap Haitien
Cap Haitien;Cap François, Haiti
Cap Haitien;Cap François Haiti
Cap Haitien;cap haitien
Carlisle;Carlisle
Carlisle;Carlisle England
Carlisle;carlisle
Carlisle Pa;Carlisle Pa
Carlisle Pa;carlisle pa
Carlow;Carlow
Carlow;carlow
Carmarthen;Carmarthen
Carmarthen;Caerfyrddin
Carmarthen;Caerfyrddin Carmarthen, Wales
Carmarthen;Caerfyrddin Carmarthen Wales
Carmarthen;Carmarthen Wales
Carmarthen;carmarthen
Cashel;Cashel
Cashel;Cashel Ireland
Cashel;cashel
Chambersburg Pa;Chambersburg Pa
Chambersburg Pa;chambersburg pa
Charleston S.C;Charleston S.C
Charleston S.C;Charleston
Charleston S.C;Charleston South Carolina
Charleston S.C;Charleston South-Carolina
Charleston S.C;Charleston SC
Charleston S.C;Charleston, South-Carolina
Charleston S.C;Charleston. S.C
Charleston S.C;Charlestown Charleston S.C
Charleston S.C;Charlestown S.C
Charleston S.C;Charles-Town S.C
Charleston S.C;Charles-town S.C
Charleston S.C;S.C
Charleston S.C;South Carolina
Charleston S.C;South-Carolina, Charles-Town
Charleston S.C;Charles-Town South-Carolina
Charleston S.C;South-Carolina Charles-Town
Charleston S.C;charleston s.c
Charlestown Ma;Charlestown Ma
Charlestown Ma;Charlestown Mass
Charlestown Ma;charlestown ma
Charlottesville Va;Charlottesville Va
Charlottesville Va;charlottesville va
Charlottetown Pe;Charlottetown Pe
Charlottetown Pe;Charlotte-Town
Charlottetown Pe;charlottetown pe
Chatham;Chatham
Chatham;chatham
Chatham N.J;Chatham N.J
Chatham N.J;chatham n.j
Chelmsford;Chelmsford
Chelmsford;Chelmsford England
Chelmsford;Chelmsford, England
Chelmsford;chelmsford
Chelmsford Ma;Chelmsford Ma
Chelmsford Ma;Chelmsford Mass
Chelmsford Ma;Chelmsford, Mass
Chelmsford Ma;chelmsford ma
Chelsea;Chelsea
Chelsea;chelsea
Chesire Ct;Chesire Ct
Chesire Ct;Cheshire Conn
Chesire Ct;Cheshire, Conn
Chesire Ct;chesire ct
Chester;Chester
Chester;Caerlleon Chester, England
Chester;Chester England
Chester;Chester, England
Chester;Caerlleon Chester England
Chester;chester
Chesterfield;Chesterfield
Chesterfield;chesterfield
Chillicothe Oh;Chillicothe Oh
Chillicothe Oh;Chillicothe Ohio
Chillicothe Oh;chillicothe oh
Cincinnati Oh;Cincinnati Oh
Cincinnati Oh;Cincinnati Ohio
Cincinnati Oh;cincinnati oh
Cirencester;Cirencester
Cirencester;Cirencester England
Cirencester;cirencester
Clipstone;Clipstone
Clipstone;clipstone
Clonmel;Clonmel
Clonmel;Clonmel Ireland
Clonmel;Clonmel, Ireland
Clonmel;clonmel
Colchester;Colchester
Colchester;Colchester England
Colchester;Colechester
Colchester;colchester
Cologne;Cologne
Cologne;cologne
Columbia S.C;Columbia S.C
Columbia S.C;Columbia South Carolina
Columbia S.C;columbia s.c
Concord Ma;Concord Mass
Concord Ma;Concord Ma
Concord Ma;concord ma
Concord N.H;Concord N.H
Concord N.H;Concord New Hampshire
Concord N.H;Concord, N.H
Concord N.H;concord n.h
Copenhagen;Copenhagen
Copenhagen;copenhagen
Cork;Cork
Cork;Corcke
Cork;Corck
Cork;Cork Ireland
Cork;Cork, Ireland
Cork;Corke
Cork;cork
Coventry;Coventry
Coventry;Coventry England
Coventry;Coventry, England
Coventry;Coventry,bs.n
Coventry;Coventry bs.n
Coventry;coventry
Danbury Ct;Danbury Ct
Danbury Ct;Danbury Conn
Danbury Ct;danbury ct
Danvers Ma;Danvers Ma
Danvers Ma;Danvers Mass
Danvers Ma;danvers ma
Danvers Ma;Danvers Boston
Danvers Ma;Danvers Mass Boston
Danvers Ma;Danvers Mass Salem
Darlington;Darlington
Darlington;Darlington England
Darlington;darlington
Daventry;Daventry
Daventry;daventry
Dedham Ma;Dedham Ma
Dedham Ma;Dedham Mass
Dedham Ma;dedham ma
Delft;Delft
Delft;Delf in Holeand
Delft;Delff
Delft;Delph
Delft;Delph in Holland
Delft;delft
Delft;Delf Holeand
Delft;Delph Holland
Deptford;Deptford
Deptford;deptford
Derby;Derby
Derby;Derby England
Derby;derby
Devizes;Devizes
Devizes;devizes
Doncaster;Doncaster
Doncaster;Doncaster England
Doncaster;doncaster
Dorchester;Dorchester
Dorchester;dorchester
Dorchester;Dorchester. England
Dort;Dort
Dort;dort
Douai;Douai
Douai;douai
Douai;Douay
Douai;douay
Douai;Doway
Douai;doway
Dover;Dover
Dover;dover
Dover N.H;Dover N.H
Dover N.H;Dover, N.H
Dover N.H;dover n.h
Downpatrick;Downpatrick
Downpatrick;downpatrick
Dresden;Dresden
Dresden;dresden
Drogheda;Drogheda
Drogheda;Drogheda Ireland
Drogheda;drogheda
Dublin;Dublin
Dublin;Dublin Ireland
Dublin;Dublin London
Dublin;Dublin Paris
Dublin;Dublin,  London
Dublin;Dublin, Ireland
Dublin;DublinI
Dublin;Dublini
Dublin;Dublinii
Dublin;Dublinij
Dublin;Dvblin
Dublin;Dublino
Dublin;Ireland
Dublin;Stampata in Dublino
Dublin;Tralee Ireland
Dublin;Doublin
Dublin;dublin
Dublin;Church Trinitie Dublin
Dumfries;Dumfries
Dumfries;dumfries
Dumfries Va;Dumfries Va
Dumfries Va;Dumfries, Va
Dumfries Va;dumfries va
Dunbar;Dunbar
Dunbar;dunbar
Dundee;Dundee
Dundee;Dundee Scotland
Dundee;Dundee, Scotland
Dundee;dundee
Durham;Durham
Durham;Dunelmiæ
Durham;Gateside Gateshead Co. Durham England
Durham;durham
East Molesey;East Molesey
East Molesey;East Molesey, Surrey
East Molesey;east molesey
Easton Md;Easton Md
Easton Md;easton md
East-Windsor Ct;East-Windsor Ct
East-Windsor Ct;East-Windsor Conn
East-Windsor Ct;east-windsor ct
Edenton N.C;Edenton N.C
Edenton N.C;Edenton North Carolina
Edenton N.C;edenton n.c
Edinburgh;Edinburgh
Edinburgh;Eclinburgh
Edinburgh;Edenborough
Edinburgh;Edenburgh
Edinburgh;Ediburgh
Edinburgh;Edimbourg
Edinburgh;Edimbourg Paris
Edinburgh;Edimbourg Toulouse
Edinburgh;Edimburgh
Edinburgh;Edimburgi
Edinburgh;Edinborough
Edinburgh;Edinbourg
Edinburgh;Edinbourga
Edinburgh;Edinbugh
Edinburgh;Edinburg
Edinburgh;Edinburgh  Dublin
Edinburgh;Edinburgh  Edinburgh
Edinburgh;Edinburgh  London
Edinburgh;Edinburgh London
Edinburgh;Edinburgh London,Edinburgh
Edinburgh;Edinburgh Scotland
Edinburgh;Edinburgh, Scotland
Edinburgh;Edinburgh, the heir of andrew anderson, printer to His most Sacred Majesty
Edinburgh;Edinburghi
Edinburgh;Edinburgi
Edinburgh;Edinbvrgh
Edinburgh;Edinbvrgi
Edinburgh;Edingburgh
Edinburgh;Edynburgh
Edinburgh;Holy-Rood-House Edinburgh
Edinburgh;Leith
Edinburgh;Leith Scotland
Edinburgh;Scotland
Edinburgh;Edenburg
Edinburgh;Edinburgh at Dublin at Edinburgh
Edinburgh;Edinburgh at Edinburgh
Edinburgh;Edinburgh at London at Edinburgh
Edinburgh;Edinburgh London Edinburgh
Edinburgh;inLondon at Edinburgh
Edinburgh;London at Edinburgh
Edinburgh;London at Leith
Edinburgh;Na de copye Gedruckt tot Edinburgh
Edinburgh;edinburgh
Edinburgh;Edenburg Schotland
Edinburgh;Edenburg Schottland
Edinburgh;Eerst Edinburgh
Edinburgh;Savoy Edinburgh
Egham;Egham
Egham;egham
Elizabeth N.J;Elizabeth N.J
Elizabeth N.J;Elizabeth, N.J
Elizabeth N.J;Elizabeth-Town N.J
Elizabeth N.J;elizabeth n.j
Elizabethtown Md;Elizabethtown Md
Elizabethtown Md;Elizabethtown, Maryland
Elizabethtown Md;Elizabethtown Maryland
Elizabethtown Md;elizabethtown md
Emden;Emden
Emden;emden
Ennis;Ennis
Ennis;ennis
Ephrata Pa;Ephrata Pa
Ephrata Pa;Ephrata, Pa
Ephrata Pa;ephrata pa
Eton;Eton
Eton;Etonæ
Eton;eton
Europe;Europe
Europe;europe
Evesham;Evesham
Evesham;evesham
Exeter;Exeter
Exeter;Exeter England
Exeter;Exon Exeter England
Exeter;Iscæ Dunmoniorum
Exeter;exeter
Exeter;Exon England
Exeter;Exon
Exeter;exon
Exeter N.H;Exeter N.H
Exeter N.H;exeter n.h
Exeter N.H;Exeter New-Hampshire
Falkirk;Falkirk
Falkirk;falkirk
Fincastle Va;Fincastle Va
Fincastle Va;Fincastle, Va
Fincastle Va;fincastle va
Fishkill N.Y;Fishkill N.Y
Fishkill N.Y;Fish-Kill N.Y
Fishkill N.Y;Fish-kill N.Y
Fishkill N.Y;fishkill n.y
Florence;Florence
Florence;florence
Frankfurt;Frankfurt
Frankfurt;Francefort, Et London
Frankfurt;Francfort
Frankfurt;Franckfurt
Frankfurt;frankfurt
Frankfurt;Francefort Londres
Frederick Md;Frederick Md
Frederick Md;Frederick, Md
Frederick Md;Frederick-Town state of Maryland
Frederick Md;frederick md
Frederick Md;Frederick-Town state Maryland
Fredericton;Fredericton
Fredericton;fredericton
Fredicksburg Va;Fredicksburg Va
Fredicksburg Va;Fredericksburg Va
Fredicksburg Va;fredicksburg va
Fryeburg Me;Fryeburg Me
Fryeburg Me;fryeburg me
Gainsborough;Gainsborough
Gainsborough;gainsborough
Gainsborough;Gainsbrough
Gainsborough;gainsbrough
Galway;Galway
Galway;Galway Ireland
Galway;galway
Gateshead;Gateshead
Gateshead;Gateside Gateshead, Co. Durham, England
Gateshead;gateshead
Gaunt;Gaunt
Gaunt;gaunt
Gdansk;Gdansk
Gdansk;gdansk
Geneva;Geneva
Geneva;Geneua
Geneva;geneva
Geneva N.Y;Geneva N.Y
Geneva N.Y;Geneva, N.Y
Geneva N.Y;geneva n.y
Germantown Pa;Germantown Pa
Germantown Pa;Gedruckt in Germanton Pa
Germantown Pa;Germanton Pa
Germantown Pa;Germantown, Pa
Germantown Pa;germantown pa
Ghent;Ghent
Ghent;ghent
Gilmanton N.H;Gilmanton N.H
Gilmanton N.H;Gilmanton, N.H.J
Gilmanton N.H;Gilmanton N.H.J
Gilmanton N.H;gilmanton n.h
Glasgow;Glasgow
Glasgow;Glasgow London printed
Glasgow;Glasgow Scotland
Glasgow;Glasgow, Scotland
Glasgow;Glasguæ
Glasgow;Glasguae
Glasgow;Glasgua
Glasgow;Glasgow London at Glasgow
Glasgow;glasgow
Glocester;Glocester
Glocester;glocester
Glocester Ma;Glocester Mass
Glocester Ma;Glocester Ma
Glocester Ma;glocester ma
Gloucester;Gloucester
Gloucester;Gloucester England
Gloucester;gloucester
Gloucester Ma;Gloucester Ma
Gloucester Ma;Gloucester Mass
Gloucester Ma;Glocester, Mass
Gloucester Ma;gloucester ma
Goa;Goa
Goa;goa
Gosport;Gosport
Gosport;gosport
Gothenburg;Göteborg
Gothenburg;Gotheburg
Gothenburg;gotheburg
Gothenburg;Gothenburg
Gothenburg;Gottenberge
Gothenburg;gothenburg
Gouda;Gouda
Gouda;Ter Goude
Gouda;gouda
Grantham;Grantham
Grantham;grantham
Gravesend;Gravesend
Gravesend;gravesend
Greenfield Ma;Greenfield Ma
Greenfield Ma;Greenfield Mass
Greenfield Ma;Greenfield, Mass
Greenfield Ma;Greenfield, Massachusetts
Greenfield Ma;Greenfield Massachusetts
Greenfield Ma;sold at Greenfield Mass
Greenfield Ma;greenfield ma
Greenfield Ma;Greenfield Masschusetts
Greenock;Greenock
Greenock;greenock
Grenada;Grenada
Grenada;grenada
Guernesey;Guernesey
Guernesey;guernesey
Haarlem;Haarlem
Haarlem;haarlem
Haarlem;Harlem
Haarlem;harlem
Hagerstown Md;Hagerstown Md
Hagerstown Md;Hagers-Town Md
Hagerstown Md;hagerstown md
Halifax;Halifax
Halifax;Halifax England
Halifax;halifax
Halifax N.C;Halifax N.C
Halifax N.C;halifax n.c
Halifax N.S;Halifax N.S
Halifax N.S;Halifax Nova Scotia
Halifax N.S;Halifax, N.S
Halifax N.S;Nova-Scotia
Halifax N.S;halifax n.s
Halle;Halle
Halle;halle
Hallowell Ma;Maine Hallowell
Hallowell Ma;Hallowell Ma
Hallowell Ma;hallowell ma
Hallowell Me;Hallowell Me
Hallowell Me;District of Maine Hallowell
Hallowell Me;hallowell me
Hamburg;Hamburg
Hamburg;Hamborough
Hamburg;Germany
Hamburg;Hamburg and London
Hamburg;Hamburg Germany
Hamburg;Londres Hamburg
Hamburg;hamburg
Hannover;Hannover
Hannover;hannover
Hanover;Hanover
Hanover;Hanoviae
Hanover;hanover
Hanover N.H;Hanover N.H
Hanover N.H;Hanover, N.H
Hanover N.H;hanover n.h
Harlow;Harlow
Harlow;harlow
Harrisburgh Pa;Harrisburgh Pa
Harrisburgh Pa;Harrisburg
Harrisburgh Pa;harrisburgh pa
Hartford Ct;Hartford Ct
Hartford Ct;Hartford Conn
Hartford Ct;Hartford
Hartford Ct;Hartford, Conn
Hartford Ct;Hartford Connecticut
Hartford Ct;hartford ct
Haverhill Ma;Haverhill Ma
Haverhill Ma;Haverhill Mass
Haverhill Ma;haverhill ma
Haverhill N.H;Haverhill N.H
Haverhill N.H;Haverhill New-Hampshire
Haverhill N.H;haverhill n.h
Heidelberg;Heidelberg
Heidelberg;heidelberg
Hereford;Hereford
Hereford;Hereford, England
Hereford;Hereford England
Hereford;hereford
Hertford;Hertford
Hertford;Hertford England
Hertford;Hertford, England
Hertford;hertford
Hillsborough N.C;Hillsborough
Hillsborough N.C;Hillsborough N.rth Carolina
Hillsborough N.C;Hillborough N.C
Hillsborough N.C;hillborough n.c
Hillsborough N.C;Hillsborough N.C
Hillsborough N.C;Hillsborough, North Carolina
Hillsborough N.C;hillsborough n.c
Hillsborough N.C;Hillsborough North Carolina
Horncastle;Horncastle
Horncastle;horncastle
Houghton Park;Houghton Park
Houghton Park;houghton park
Howden;Howden
Howden;howden
Hudson N.Y;Hudson N.Y
Hudson N.Y;Hudson, N.Y
Hudson N.Y;hudson n.y
Hull;Hull
Hull;Hull, England
Hull;Hull England
Hull;hull
Hull;Kingston-upon-Hull England
Hull;Kingston-Upon-Hull
Hull;Kingston-upon-Hull
Hull;Kingston-upon-Hull, England
Hull;kingston-upon-hull
Inverlochie;Inverlochie
Inverlochie;inverlochie
Ipswich;Ipswich
Ipswich;Ipswich England
Ipswich;ipswich
Jacksonburgh S.C;Jacksonburgh S.C
Jacksonburgh S.C;Jacksonburgh, S.C
Jacksonburgh S.C;jacksonburgh s.c
Keene N.H;Keene N.H
Keene N.H;Keene, state of New-Hampshire
Keene N.H;Keene New-Hampshire
Keene N.H;Keene state of New-Hampshire
Keene N.H;keene n.h
Keene N.H;Keene state New-Hampshire
Kelso;Kelso
Kelso;Kelso Scotland
Kelso;kelso
Kendal;Kendal
Kendal;Kendal, England
Kendal;Kendal England
Kendal;kendal
Kilkenny;Kilkenny
Kilkenny;Kilkenny Ireland
Kilkenny;kilkenny
Kilmarnock;Kilmarnock
Kilmarnock;Apud Kilmarnock
Kilmarnock;kilmarnock
King's Lynn;King's Lynn
King's Lynn;Lynn King's Lynn, England
King's Lynn;Lynn
King's Lynn;Lynn King's Lynn England
King's Lynn;king's lynn
Kingston;Kingston
Kingston;Surry
Kingston;kingston
Kingston;Kington
Kingston;kington
Kingston Jamaica;Kingston Jamaica
Kingston Jamaica;Kingston, Jamaica
Kingston Jamaica;Jamaica
Kingston Jamaica;kingston jamaica
Kingston N.Y;Kingston N.Y
Kingston N.Y;Kingston, N.Y
Kingston N.Y;Kingston Ulster County New York
Kingston N.Y;kingston n.y
Kirkcudbright;Kirkcudbright
Kirkcudbright;kirkcudbright
Knaresborough;Knaresborough
Knaresborough;knaresborough
Knoxville Tn;Knoxville Tn
Knoxville Tn;Knoxville Tenn
Knoxville Tn;Knoxville, Tenn
Knoxville Tn;Knoxville state of Tennessee
Knoxville Tn;knoxville tn
Knoxville Tn;Knoxville state Tennessee
Koningsberg;Koningsberg
Koningsberg;Königsberg
Koningsberg;koningsberg
Lancaster N.J;Lancaster N.J
Lancaster N.J;lancaster n.j
Lancaster Pa;Lancaster Pa
Lancaster Pa;Lancäster Pa
Lancaster Pa;Lanca̋ster Pa
Lancaster Pa;Lancaster
Lancaster Pa;Lancaster Penn
Lancaster Pa;Lancaster, Pa
Lancaster Pa;lancaster pa
Lansingburgh N.Y;Lansingburgh N.Y
Lansingburgh N.Y;lansingburgh n.y
La Rochelle;La Rochelle
La Rochelle;la rochelle
Lausanne;Lausanne
Lausanne;lausanne
Leeds;Leeds
Leeds;Leedes
Leeds;Leeds England
Leeds;leeds
Leeuwarden;Leeuwarden
Leeuwarden;Norwich, actually Leeuwarden
Leeuwarden;Norwich actually Leeuwarden
Leeuwarden;leeuwarden
Leicester;Leicester
Leicester;Leicester England
Leicester;Leicester, England
Leicester;leicester
Leiden;Leiden
Leiden;Leyden
Leiden;Lugduni Batauorum
Leiden;Lugduni Batavorum
Leiden;Tot Leiden
Leiden;Leide
Leiden;leiden
Leipzig;Leipzig
Leipzig;Liepzig
Leipzig;leipzig
Leominster Ma;Leominster Ma
Leominster Ma;Leominster Mass
Leominster Ma;Leominster, Massachusetts
Leominster Ma;Leominster Massachusetts
Leominster Ma;leominster ma
Leominster Ma;Leominster Masschusetts
Lewes;Lewes
Lewes;Lewes England
Lewes;lewes
Lexington Ky;Lexington Ky
Lexington Ky;lexington ky
Liege;Liege
Liege;Liége
Liege;liege
Lille;Lille
Lille;lille
Limerick;Limerick
Limerick;Limerick Ireland
Limerick;limerick
Lincoln;Lincoln
Lincoln;Lincoln England
Lincoln;lincoln
Litchfield Ct;Litchfield Ct
Litchfield Ct;Litchfield Conn
Litchfield Ct;Connecticut
Litchfield Ct;Lichfield
Litchfield Ct;Lichfield sic Conn
Litchfield Ct;Litchfield Connecticut
Litchfield Ct;litchfield ct
Litchfield Ct;Lichfield Conn
Liverpool;Liverpool
Liverpool;Liverpool England
Liverpool;liverpool
Livorno;Livorno
Livorno;livorno
London;London
London;A. London
London;Burtons Coffee-House London
London;Dondon
London;England
London;Excudebat Londini
London;Excussum sic Londini
London;Excusum Londini
London;Excusum Lonini
London;Excvsvm Londini
London;Gedruckt naer de copy van Londen
London;Londres
London;London England
London;London London
London;Londra
London;In the Savoy
London;In the Savoy London
London;Lodnon
London;Llundain
London;Lodnonsic
London;Lodon
London;Loldon
London;Lomdon
London;Lond
London;Londgn
London;Londidi
London;Londini
London;Londini London
London;Londn
London;Londom
London;London '
London;London Amsterdam
London;London and Birmingham England
London;London and Francfort
London;London and Oxford
London;London and Westminster
London;London and Westminster England
London;London Brussels
London;London Göttingen
London;London Hamburg
London;London Engelland
London;London Fleetstreete
London;London Powles Churchyarde
London;London Povvles Churchyarde
London;London or Edinburgh
London;London or Middelburgh
London;London or Oxford
London;London Paris
London;East Molesey Surrey
London;Londen
London;Londini London England
London;Londoni
London;London und Berlin
London;Londra London England
London;Londre
London;Londres London England
London;Londres Paris
London;Lonkon
London;Lonodn
London;Lonon
London;Louanii
London;Loudon
London;Loydon
London;Lundon
London;Nondon
London;Southwark
London;Spitalfields
London;Tet Londen
London;the Savoy
London;the Savoy London
London;Westmestre
London;Westminister
London;Westminster
London;westmynstre
London;Yorke at London
London;london
London;Londen Engelland
London;LondonJanuary
London;London Savoy
London;London Westminster
London;London Westminster England
London;me thabbey Westmenstre london
London;London bs.n
London;London s.n
London;Londres s.n
London;Londinii
London;Londonijs
London;London Powles church
London;Burtons London
London;Court Old Baily
London;High-Dutch London
London;London Temstrete
London;Savoy
London;Savoy London
Londonderry;Londonderry
Londonderry;L,Derry
Londonderry;L,Derry Londonderry, Ireland
Londonderry;London-Derry
Londonderry;Londonderry, Ireland
Londonderry;L Derry
Londonderry;L Derry Londonderry Ireland
Londonderry;Londonderry Ireland
Londonderry;londonderry
Londonderry;Derry
Londonderry;Derry Londonderry Ireland
Louvain;Louvain
Louvain;Lovain
Louvain;Lovanni
Louvain;louvain
Ludlow;Ludlow
Ludlow;ludlow
Lyon;Lyon
Lyon;Lyons
Lyon;lyon
Macclesfield;Macclesfield
Macclesfield;macclesfield
Madras India;Madras India
Madras India;Madras
Madras India;madras india
Maidstone;Maidstone
Maidstone;Maidstone England
Maidstone;maidstone
Manchester;Manchester
Manchester;Manchester England
Manchester;manchester
Margate;Margate
Margate;margate
Marlborough;Marlborough
Marlborough;Marlborough England
Marlborough;marlborough
Martinsburg Va;Martinsburg Va
Martinsburg Va;martinsburg va
Mechelen;Mechlin
Mechelen;mechlin
Mechelen;Mechelen
Mechelen;mechelen
Medford Ma;Medford Ma
Medford Ma;Medford Mass
Medford Ma;Medford Massachusetts
Medford Ma;medford ma
Medford Ma;Medford Masschusetts
Middelburg;Middelburg
Middelburg;Midddelburghsic
Middelburg;Middleborrow
Middelburg;Midelburge
Middelburg;middelburg
Minorca;Minorca
Minorca;minorca
Monmouth;Monmouth
Monmouth;monmouth
Monmouth N.J;Monmouth N.J
Monmouth N.J;monmouth n.j
Montego Bay;Montego Bay
Montego Bay;Montego-Bay Jamaica
Montego Bay;Montego-Bay, Jamaica
Montego Bay;montego bay
Montreal;Montreal
Montreal;Montréal
Montreal;Montreal Quebec
Montreal;montreal
Montrose;Montrose
Montrose;Monterosarum
Montrose;montrose
Mount Holly N.J;Mount Holly N.J
Mount Holly N.J;mount holly n.j
Nassau;Nassau
Nassau;Nassau Bahamas
Nassau;Bahamas
Nassau;Nassau Bahama
Nassau;nassau
Natchez Ms;Natchez Ms
Natchez Ms;Natchez, Miss
Natchez Ms;Natchez Miss
Natchez Ms;natchez ms
Newark;Newark
Newark;Newark England
Newark;newark
Newark N.J;Newark N.w-Jersey
Newark N.J;Newarj N.J
Newark N.J;newarj n.j
Newark N.J;Newark N.J
Newark N.J;New Jersey
Newark N.J;Newark New-Jersey
Newark N.J;New-Jersey
Newark N.J;newark n.j
New Bedford Ma;New Bedford Ma
New Bedford Ma;New Bedford, Mass
New Bedford Ma;New Bedford
New Bedford Ma;New-Bedford Mass
New Bedford Ma;new bedford ma
New Bedford Ms;New Bedford Mass
New Bedford Ms;New Bedford Ms
New Bedford Ms;new bedford ms
New Bern N.C;New Bern N.C
New Bern N.C;Newbern N.C
New Bern N.C;Newbern North Carolina
New Bern N.C;Newbern, N.C
New Bern N.C;new bern n.c
New Brunswick N.J;New Brunswick N.J
New Brunswick N.J;New-Brunswick
New Brunswick N.J;New-Brunswick N.J
New Brunswick N.J;new brunswick n.j
Newburgh N.Y;Newburgh N.Y
Newburgh N.Y;Newburgh, N.Y
Newburgh N.Y;Newburgh Orange County N.Y
Newburgh N.Y;Newburgh Ulster County N.Y
Newburgh N.Y;newburgh n.y
Newbury Ma;Newbury Ma
Newbury Ma;Newbury Mass
Newbury Ma;newbury ma
Newburyport Ma;Newburyport Ma
Newburyport Ma;Newburyport Mass
Newburyport Ma;Newbury-Port
Newburyport Ma;Newbury-Port Mass
Newburyport Ma;Newbury-port Mass
Newburyport Ma;Newburyport, Mass
Newburyport Ma;Newbury-Port, Mass
Newburyport Ma;Newburyport, Massachusetts
Newburyport Ma;Newbury-Port, New England
Newburyport Ma;Newburyport Massachusetts
Newburyport Ma;Newbury-Port N.w-England
Newburyport Ma;newburyport ma
Newburyport Ma;Newburyport Masschusetts
Newbury Vt;Newbury Vt
Newbury Vt;Newbury Vermont
Newbury Vt;newbury vt
Newcastle;Newcastle
Newcastle;New-Castle England
Newcastle;Newcastle on Tyne
Newcastle;Newcastle upon Tyne
Newcastle;Newcastle upon Tyne England
Newcastle;Newcastle Upon Tyne England
Newcastle;Newcastle upon Tyne, England
Newcastle;Newcastle upon-Tyne, England
Newcastle;Newcastle-upon-Tyne, England
Newcastle;New Castle
Newcastle;New-Castle
Newcastle;New Castle England
Newcastle;Newcastle upon-Tyne England
Newcastle;Newcastle-upon-Tyne England
Newcastle;newcastle
Newfield Ct;Newfield Ct
Newfield Ct;Newfield Fairfield County Bridgeport Conn
Newfield Ct;newfield ct
New Haven Ct;New Haven Ct
New Haven Ct;New-Haven
New Haven Ct;new haven ct
New Haven Ma;New Haven
New Haven Ma;New Haven Ma
New Haven Ma;new haven ma
New London Ct;New London
New London Ct;New-London
New London Ct;New London Ct
New London Ct;New London Conn
New London Ct;New London, Conn
New London Ct;New-London Conn
New London Ct;new london ct
New Orleans La;New Orleans La
New Orleans La;New Orleans
New Orleans La;new orleans la
Newport Isle of Wight;Newport Isle of Wight
Newport Isle of Wight;Newport Isle of Wight England
Newport Isle of Wight;newport isle of wight
Newport Isle Wight;Newport Isle Wight
Newport Isle Wight;Newport Isle Wight England
Newport Isle Wight;newport isle wight
Newport R.I;Newport R.I
Newport R.I;Newport, R.I
Newport R.I;Newport, Rhode-Island
Newport R.I;Newport Rhode-Island
Newport R.I;newport r.i
Newry;Newry
Newry;Newry Ireland
Newry;newry
Newton N.J;Newton N.J
Newton N.J;Newton State of New-Jersey
Newton N.J;newton n.j
Newton N.J;Newton State New-Jersey
New Windsor N.Y;New Windsor N.Y
New Windsor N.Y;New-Windsor N.Y
New Windsor N.Y;New-Windsor Orange County N.Y
New Windsor N.Y;new windsor n.y
New York N.Y;New-York
New York N.Y;New York
New York N.Y;new york
New York N.Y;New York N.Y
New York N.Y;Brooklyn N.Y
New York N.Y;Brooklyn
New York N.Y;Neo-Eboraci
New York N.Y;New York America
New York N.Y;New York New York
New York N.Y;New York, N.Y
New York N.Y;New-York N.Y
New York N.Y;new york n.y
Niagara;Niagara
Niagara;niagara
Norfolk Va;Norfolk Va
Norfolk Va;norfolk va
Northallerton;Northallerton
Northallerton;northallerton
Northampton;Northampton
Northampton;Northampton England
Northampton;northampton
Northampton Ma;Northampton Ma
Northampton Ma;Northampton Mass
Northampton Ma;northampton ma
North Shields;North Shields
North Shields;North-Shields
North Shields;north shields
Norwich;Norwich
Norwich;Norwich England
Norwich;Norwich, England
Norwich;norwich
Norwich Ct;Norwich Ct
Norwich Ct;Norwich Conn
Norwich Ct;norwich ct
Nottingham;Nottingham
Nottingham;Nottingham England
Nottingham;Nottingham, England
Nottingham;nottingham
Ossining N.Y;Ossining N.Y
Ossining N.Y;ossining n.y
Oxford;Oxford
Oxford;Oxford England
Oxford;Oxonii
Oxford;Oxoniae
Oxford;Oxoniæ excudebant
Oxford;Oxoniæ
Oxford;Oxoni
Oxford;Oxon Oxford
Oxford;Oxon
Oxford;Oxforde
Oxford;Bellositi Dobunorum Oxford
Oxford;Oxoford
Oxford;oxford
Paisley;Paisley
Paisley;paisley
Paris;Paris
Paris;Paris London
Paris;Paris or Louvain
Paris;France
Paris;Parisiis
Paris;ParisLondon
Paris;Passy
Paris;paris
Paris Ky;Paris Ky
Paris Ky;Paris Bourbon County Ky
Paris Ky;paris ky
Parr-Town;Parr-Town
Parr-Town;parr-town
Pembroke Ma;Pembroke Ma
Pembroke Ma;Pembroke, Mass
Pembroke Ma;Pembroke Mass
Pembroke Ma;pembroke ma
Penrith;Penrith
Penrith;penrith
Perth;Perth
Perth;Perth Scotland
Perth;Perth, Scotland
Perth;perth
Peterborough;Peterborough
Peterborough;peterborough
Petersburg Va;Petersburg Va
Petersburg Va;Petersburg, Va
Petersburg Va;petersburg va
Philadelphia Pa;Philadelphie Philadelphia Pa
Philadelphia Pa;Philadelphia
Philadelphia Pa;Philadelphia Pa
Philadelphia Pa;Pennsylvania
Philadelphia Pa;Philadelphia America
Philadelphia Pa;Philadelphia and New York
Philadelphia Pa;Philadelphia, Pa
Philadelphia Pa;Philadelphiae
Philadelphia Pa;Philadelphie
Philadelphia Pa;Philadelphie Philadelphia, Pa
Philadelphia Pa;Te Philadelphia
Philadelphia Pa;United States. Philadelphia
Philadelphia Pa;Philadelpaia
Philadelphia Pa;Philadelphie et se trouve Paris
Philadelphia Pa;philadelphia pa
Philadelphia Pa;Philadelphia New York
Plymouth;Plymouth
Plymouth;plymouth
Pointe-A-Pitre;Point-à-Pitre Guadeloupe
Pointe-A-Pitre;Pointe-A-Pitre Guadeloupe
Pointe-A-Pitre;Point-A-Pitre
Pointe-A-Pitre;point-a-pitre
Pointe-A-Pitre;Pointe-A-Pitre
Pointe-A-Pitre;Pointe-A-Pitre, Guadeloupe
Pointe-A-Pitre;la Pointe-A-Pitre
Pointe-A-Pitre;la Point-à-Pitre
Pointe-A-Pitre;Point-à-Pitre
Pointe-A-Pitre;pointe-a-pitre
Poole;Poole
Poole;poole
Port-au-Prince;Port-au-Prince
Port-au-Prince;port-au-prince
Portland Me;Portland Me
Portland Me;Portland, Me
Portland Me;Portland District of Maine
Portland Me;portland me
Portland Me;Portland Maine
Portsmouth;Portsmouth
Portsmouth;Portsmouth England
Portsmouth;portsmouth
Portsmouth N.H;Portsmouth N.H
Portsmouth N.H;Portsmouth in New-Hampshire
Portsmouth N.H;Portsmouth N. H
Portsmouth N.H;Portsmouth New-Hampshire
Portsmouth N.H;Portsmouth, New-Hampshire
Portsmouth N.H;Portsmouth,New-Hampshire
Portsmouth N.H;Portsmouth in New Hampshire
Portsmouth N.H;Portsmouth N.w-Hampshire
Portsmouth N.H;portsmouth n.h
Portsmouth N.H;Portsmouth New Hampshire
Poughkeepsie N.Y;Poughkeepsie N.Y
Poughkeepsie N.Y;Poughkeepsie, Dutchess County N.Y
Poughkeepsie N.Y;Poughkeepsie, N.Y
Poughkeepsie N.Y;Poughkeepsie Dutchess County N.Y
Poughkeepsie N.Y;poughkeepsie n.y
Preston;Preston
Preston;Preston England
Preston;Preston, England
Preston;preston
Providence R.I;Providence R.I
Providence R.I;Providence,New England
Providence R.I;Rhode Island
Providence R.I;America at Providence R. Island
Providence R.I;Providence
Providence R.I;Providence N.w-England
Providence R.I;Providence Rhode Island
Providence R.I;Providence Rhode-Island
Providence R.I;providence r.i
Providence R.I;America Providence R. Island
Quebec;Quebec
Quebec;Québec
Quebec;Quebec Canada
Quebec;Quebec City, Canada
Quebec;Quebec City Canada
Quebec;Quebec Quebec Province
Quebec;quebec
Raleigh N.C;Raleigh N.C
Raleigh N.C;Raleigh, N.C
Raleigh N.C;raleigh n.c
Reading;Reading
Reading;Reading England
Reading;Reading, Berks. England
Reading;Reading, England
Reading;Reading Berks. England
Reading;reading
Reading Pa;Reading Pa
Reading Pa;reading pa
Regensburg;Regensburg
Regensburg;Ratisbonne
Regensburg;regensburg
Reims;Rheins
Reims;rheins
Reims;Reims
Reims;reims
Richmond;Richmond
Richmond;Richmond Surrey
Richmond;richmond
Richmond Va;Richmond Va
Richmond Va;Richmond, Va
Richmond Va;Richmond, Virginia
Richmond Va;Virginia
Richmond Va;Richmond Virginia
Richmond Va;richmond va
Rochdale;Rochdale
Rochdale;rochdale
Rochester;Rochester
Rochester;rochester
Rodborough;Rodborough
Rodborough;rodborough
Rome;Rome
Rome;rome
Rome N.Y;Rome N.Y
Rome N.Y;rome n.y
Romsey;Romsey
Romsey;romsey
Roscrea;Roscrea
Roscrea;Roscrea Ireland
Roscrea;roscrea
Roseau Dominica;Roseau Dominica
Roseau Dominica;Dominica
Roseau Dominica;Roseau
Roseau Dominica;Roseau, Dominica
Roseau Dominica;roseau dominica
Rotterdam;Rotterdam
Rotterdam;rotterdam
Rouen;Rouen
Rouen;Roüen
Rouen;rouen
Rutland Vt;Rutland Vt
Rutland Vt;Rutland, Vermont
Rutland Vt;Rutland Vermont
Rutland Vt;rutland vt
Saarbrucken;Saarbrucken
Saarbrucken;Sarrebruck
Saarbrucken;saarbrucken
Salamanca;Salamanca
Salamanca;salamanca
Salem Ma;Salem Mass
Salem Ma;Salem Ma
Salem Ma;Salem Mass., N.E
Salem Ma;Salem, Mass
Salem Ma;Salem, N.E
Salem Ma;Salem Mass. N.E
Salem Ma;Salem N.E
Salem Ma;Salem State of New York
Salem Ma;salem ma
Salem Ma;Salem Mass N.E
Salem N.Y;Salem N.Y
Salem N.Y;salem n.y
Salem N.Y;Salem State New York
Salisbury;Salisbury
Salisbury;Salisbury England
Salisbury;Salisbury, England
Salisbury;Sarum
Salisbury;salisbury
Salisbury Ma;Salisbury Ma
Salisbury Ma;Salisbury, Massachusetts
Salisbury Ma;Salisbury Massachusetts
Salisbury Ma;salisbury ma
Salisbury Ma;Salisbury Masschusetts
Salisbury N.C;Salisbury N.C
Salisbury N.C;Salisbury, North Carolina
Salisbury N.C;Salisbury N.rth Carolina
Salisbury N.C;salisbury n.c
Salisbury N.C;Salisbury North Carolina
Savannah Ga;Savannah Ga
Savannah Ga;Georgia. Savannah
Savannah Ga;Savannah
Savannah Ga;Savannah, Ga
Savannah Ga;savannah ga
Savanna-la-Mar Jamaica;Savanna-la-Mar Jamaica
Savanna-la-Mar Jamaica;savanna-la-mar jamaica
Schenectady N.Y;Schenectady N.Y
Schenectady N.Y;Schenectady State of New-York
Schenectady N.Y;schenectady n.y
Schenectady N.Y;Schenectady State New-York
Scipio N.Y;Scipio N.Y
Scipio N.Y;Scipio Onondaga County S.N.Y
Scipio N.Y;scipio n.y
Sheffield;Sheffield
Sheffield;Sheffield England
Sheffield;sheffield
Shelburne Nova Scotia;Shelburne Nova Scotia
Shelburne Nova Scotia;shelburne nova scotia
Shepherdstown Va;Shepherd's-Town Va
Shepherdstown Va;Shepherd's-Town W. Va
Shepherdstown Va;shepherd's-town va
Shepherdstown Va;Shepherdstown Va
Shepherdstown Va;shepherdstown va
Sherborne;Sherborne
Sherborne;Sherborne Dorset, England
Sherborne;Sherborne England
Sherborne;Sherborne, Dorset, England
Sherborne;Sherborne, England
Sherborne;Sherborne Dorset England
Sherborne;sherborne
Shiffnal;Shiffnal
Shiffnal;shiffnal
Shrewsbury;Shrewsbury
Shrewsbury;Agraphwyd yn y Mwythig
Shrewsbury;Shrewsbury England
Shrewsbury;Shrewsbury Shropshire
Shrewsbury;Oxford at Shrewsbury
Shrewsbury;shrewsbury
Siena;Siena
Siena;siena
Sint Eustatius;Sint Eustatius
Sint Eustatius;sint eustatius
Sligo;Sligo
Sligo;Sligo, Ireland
Sligo;Sligo Ireland
Sligo;sligo
Southampton;Southampton
Southampton;Southampton England
Southampton;Southampton, England
Southampton;southampton
South Shields;South Shields
South Shields;south shields
Spanish Town Jamaica;Spanish Town Jamaica
Spanish Town Jamaica;St Jago de la Vega Jamaica
Spanish Town Jamaica;spanish town jamaica
Springfield Ma;Springfield Ma
Springfield Ma;Springfield Mass
Springfield Ma;springfield ma
Stafford;Stafford
Stafford;Stafford England
Stafford;stafford
St. Albans;St. Albans
St. Albans;Sanctus albanus
St. Albans;st. albans
Stamford;Stamford
Stamford;Stamford by Newcomb and Peat
Stamford;Stamford Newcomb Pe
Stamford;Stamford England
Stamford;Stamford Newcomb Peat
Stamford;stamford
St. Andrews;Sanctandrois
St. Andrews;sanctandrois
St. Andrews;St. Andrews
St. Andrews;St andrews
St. Andrews;st. andrews
Stanford;Stanford
Stanford;Stanford England
Stanford;stanford
St. Augustine Fl;St. Augustine Fl
St. Augustine Fl;Saint Augustine
St. Augustine Fl;St. Augustine, East-Florida
St. Augustine Fl;St. Augustine East-Florida
St. Augustine Fl;st. augustine fl
Staunton Va;Staunton Va
Staunton Va;staunton va
St. Eustatius;Saint Eustatius Netherlands Antilles
St. Eustatius;St. Eustatius
St. Eustatius;st. eustatius
St. George's Grenada;St. George's Grenada
St. George's Grenada;St. George's Saint George Bermuda
St. George's Grenada;St. George's Town Grenada
St. George's Grenada;st. george's grenada
St. Germans;St. Germans
St. Germans;st. germans
St. Helier;St. Helier
St. Helier;Saint Helier
St. Helier;Jersey Saint Helier Channel Islands
St. Helier;st. helier
Stirling;Stirling
Stirling;Striuiling
Stirling;Striviling
Stirling;stirling
St. Ives;St. Ives
St. Ives;St. Ives in Huntingdonshire England
St. Ives;st. ives
St. Ives;St. Ives Huntingdonshire England
St. John New Brunswick;St. John New Brunswick
St. John New Brunswick;Saint John New Brunswick
St. John New Brunswick;st. john new brunswick
St. John's Antiqua;St. John's Antiqua
St. John's Antiqua;St. John
St. John's Antiqua;St. Johns Antigua
St. John's Antiqua;St. John's in Antigua
St. John's Antiqua;st. john's antiqua
St. John's Antiqua;St. John's Antigua
St. Mary's Md;St. Mary's Md
St. Mary's Md;st. mary's md
Stockbridge Ma;Stockbridge Ma
Stockbridge Ma;Stockbridge Mass
Stockbridge Ma;Stockbridge, Mass
Stockbridge Ma;stockbridge ma
Stockton;Stockton
Stockton;stockton
St. Omer;St. Omer
St. Omer;Saint Omer
St. Omer;S. Omers
St. Omer;Saint-Omer
St. Omer;st. omer
St. Omer;Omers
St. Pierre Martinique;St. Pierre Martinique
St. Pierre Martinique;Saint Pierre Martinique
St. Pierre Martinique;Martinique
St. Pierre Martinique;La Trinité Martinique
St. Pierre Martinique;Saint-Pierre Martinique
St. Pierre Martinique;Saint Pierre
St. Pierre Martinique;st. pierre martinique
Strabane;Strabane
Strabane;Strabane Ireland
Strabane;strabane
Strasbourg;Strasbourg
Strasbourg;Strassburg
Strasbourg;strasbourg
Sudbury;Sudbury
Sudbury;sudbury
Sunderland;Sunderland
Sunderland;sunderland
Taunton;Taunton
Taunton;taunton
Tewkesbury;Tewkesbury
Tewkesbury;tewkesbury
The Hague;The Hague
The Hague;the Hague
The Hague;Hague
The Hague;Hagæ
The Hague;Hage
The Hague;Hagh
The Hague;Hagh The Hague
The Hague;Hagve
The Hague;the Hagh
The Hague;Tot de Hague
The Hague;In the Hague
The Hague;In's Graven-Hage
The Hague;La Haye
The Hague;la Haye
The Hague;de Hague
The Hague;Londres The Hague
The Hague;the hague
Trefeca;Trefeca
Trefeca;Trefecca Breconshire, Wales
Trefeca;Trefecca Breconshire Wales
Trefeca;trefeca
Trenton;Trenton
Trenton;trenton
Trenton N.J;Trenton N.J
Trenton N.J;Trenton, N.J
Trenton N.J;trenton n.j
Trevoux;Trevoux
Trevoux;trevoux
Tunbridge Wells;Tunbridge Wells
Tunbridge Wells;tunbridge wells
Twickenham;Twickenham
Twickenham;twickenham
United States;United States
United States;united states
unknown;s.n
unknown;s.l
unknown;unknown
unknown;S.l. s.n
unknown;S.n
unknown;S.l
unknown;n.l
Utrecht;Utrecht
Utrecht;utrecht
Venice;Venice
Venice;venice
Verdun;Verdun
Verdun;verdun
Vergennes Vt;Vergennes Vt
Vergennes Vt;vergennes vt
Vevey;Vevay
Vevey;Vevay Switzerland
Vevey;vevay
Vevey;Vevey
Vevey;vevey
Vienna;Vienna
Vienna;vienna
Wakefield;Wakefield
Wakefield;wakefield
Walpole N.H;Walpole N.H
Walpole N.H;Walpole, New Hampshire
Walpole N.H;Walpole Newhampshire
Walpole N.H;Walpole N.w Hampshire
Walpole N.H;walpole n.h
Walpole N.H;Walpole New Hampshire
Walsall;Walsall
Walsall;walsall
Waltham;Waltham
Waltham;waltham
Warren R.I;Warren R.I
Warren R.I;Warren Rhode-Island
Warren R.I;warren r.i
Warrington;Warrington
Warrington;Warrington England
Warrington;Warringtoniæ
Warrington;warrington
Warwick;Warwick
Warwick;warwick
Washington D.C;Washington D.C
Washington D.C;City of Washington D.C
Washington D.C;washington d.c
Washington D.C;City Washington D.C
Washington Pa;Washington Pa
Washington Pa;washington pa
Waterford;Waterford
Waterford;Waterford Ireland
Waterford;VVaterford
Waterford;waterford
Watertown Ma;Watertown Ma
Watertown Ma;Watertown Mass
Watertown Ma;watertown ma
Wesel;Wesel
Wesel;wesel
Westminster Vt;Westminster Vt
Westminster Vt;westminster vt
West Springfield Ma;West Springfield Ma
West Springfield Ma;West Springfield Mass
West Springfield Ma;west springfield ma
Wexford;Wexford
Wexford;Wexford Ireland
Wexford;wexford
Weymouth;Weymouth
Weymouth;weymouth
Whitby;Whitby
Whitby;whitby
Whitehaven;Whitehaven
Whitehaven;Whitehaven England
Whitehaven;whitehaven
Wigan;Wigan
Wigan;wigan
Williamsburg Va;Williamsburg Va
Williamsburg Va;Williamsburg
Williamsburg Va;Williamsburgh Va
Williamsburg Va;williamsburg va
Wilmington De;Wilmington De
Wilmington De;Wilmington Del
Wilmington De;Wilmington Delaware
Wilmington De;Wilmington, Del
Wilmington De;wilmington de
Wilmington N.C;Wilmington N.C
Wilmington N.C;Wilmington North Carolina
Wilmington N.C;Wilmington North-Carolina
Wilmington N.C;wilmington n.c
Winchester;Winchester
Winchester;Winchester England
Winchester;Winchester or Oxford
Winchester;winchester
Winchester Va;Winchester Va
Winchester Va;winchester va
Windham Ct;Windham Ct
Windham Ct;Windham Conn
Windham Ct;Windham, Conn
Windham Ct;windham ct
Windsor;Windsor
Windsor;windsor
Windsor Vt;Windsor Vt
Windsor Vt;Windsor, Vt
Windsor Vt;windsor vt
Winterthur;Winterthur
Winterthur;winterthur
Winton;Winton
Winton;winton
Wisbech;Wisbech
Wisbech;wisbech
Wokingham;Wokingham
Wokingham;Wokingham England
Wokingham;wokingham
Wolverhampton;Wolverhampton
Wolverhampton;Wolverhampton England
Wolverhampton;wolverhampton
Woodbridge N.J;Woodbridge N.J
Woodbridge N.J;Woodbridge, N.J
Woodbridge N.J;Woodbridge New Jersey
Woodbridge N.J;Woodbridge
Woodbridge N.J;Woodbridge N.w Jersey
Woodbridge N.J;Woodbridge N.w-Jersey
Woodbridge N.J;woodbridge n.j
Worcester;Worcester
Worcester;Worcester England
Worcester;Worcester, England
Worcester;worcester
Worcester Ma;Worcester Ma
Worcester Ma;Massachusetts-Bay, Worcester
Worcester Ma;Worcester Mass
Worcester Ma;Worcester, Mass
Worcester Ma;Worcester Massachusetts
Worcester Ma;worcester ma
Worcester Ma;Masschusetts-Bay Worcester
Worcester Ma;Worcester Masschusetts
Wrexham;Wrexham
Wrexham;wrexham
Yarmouth;Yarmouth
Yarmouth;yarmouth
Yeovil;Yeovil
Yeovil;Yeovil England
Yeovil;yeovil
York;York
York;York England
York;Yorke
York;york
York Pa;York Pa
York Pa;York-Town Pa
York Pa;York-town Pa
York Pa;York-town Penn
York Pa;york pa
